,data structure,time_construct,time_search,search_random,knn-search
0,kd-tree not balance,0.0036928653717041016,0.00023174285888671875,3.170967102050781e-05,0.0002524852752685547
1,kd-tree balance,0.00850534439086914,0.00024890899658203125,2.1696090698242188e-05,0.00018405914306640625
2,hash_universe,0.7954654693603516,0.028845787048339844,0.024303197860717773,0.035404205322265625
3,hash_flip_method,0.7954654693603516,0.02434515953063965,0.024812936782836914,0.11343789100646973
